restarts,conflicts,decisions,propagations,puzzle_id,solving_time,nvars_input,nclauses_input,nvars_solver,nclauses_solver
1,0,4,313,2,3.25,312,1265,312,678
1,16,54,1127,3,3.41,332,1281,332,1281
1,11,26,820,6,3.14,315,1251,315,1251
1,1,6,377,7,3.2,316,1295,316,729
1,6,14,421,10,1.69,305,1222,305,1222
1,5,17,838,11,1.64,324,1214,324,1214
1,1,4,325,12,1.67,321,1228,321,9
1,11,28,1091,14,1.71,317,1278,317,1278
1,2,5,325,17,1.58,303,1163,303,50
1,18,30,1347,18,1.75,321,1283,321,1283
1,0,2,307,21,1.56,306,1180,306,0
1,5,15,556,22,1.61,324,1268,324,1268
1,4,15,429,25,1.75,311,1279,311,829
1,3,7,398,27,1.9,329,1305,329,286
1,2,7,387,28,1.59,323,1209,323,1112
1,1,7,337,29,1.65,293,1233,293,741
1,6,18,532,30,3.44,317,1298,317,841
1,3,10,365,34,3.08,320,1218,320,798
1,8,19,427,35,3.35,315,1193,315,428
1,1,7,340,37,3.26,319,1284,319,603
1,3,13,418,40,3.85,315,1257,315,1170
1,6,12,630,41,3.14,321,1244,321,1032
1,2,7,346,42,2.51,301,1064,301,119
1,1,5,317,44,4.02,298,1159,298,211
1,5,23,574,47,3.86,317,1314,317,1314
1,0,2,315,49,4.09,314,1262,314,0
1,2,6,350,51,3.89,317,1245,317,399
1,0,2,298,52,3.27,297,1275,297,0
1,3,9,392,53,3.17,318,1260,318,938
1,5,9,456,54,2.98,313,1199,313,740
1,2,17,384,56,3.31,316,1273,316,441
1,0,6,305,57,3.4,304,1180,304,408
1,4,8,417,58,3.14,333,1314,333,167
1,7,17,660,59,3.38,309,1256,309,859
1,0,2,309,60,2.14,308,1204,308,0
1,7,16,481,62,2.16,294,1123,294,787
1,10,26,853,64,1.89,308,1186,308,1064
1,6,19,679,66,2.51,306,1192,306,977
1,2,8,368,67,3.86,310,1270,310,1053
1,8,27,746,68,3.43,317,1303,317,1303
1,9,19,987,69,3.37,315,1222,315,1222
1,4,15,549,72,3.57,317,1288,317,1288
1,13,21,859,73,2.2,321,1237,321,1237
1,13,40,976,74,1.75,332,1223,332,778
1,2,5,362,75,1.58,323,1174,323,997
1,14,31,959,77,1.73,326,1242,326,1242
1,2,6,352,80,1.87,324,1347,324,239
1,8,15,581,81,1.68,302,1199,302,1199
1,20,44,1338,83,1.78,331,1232,331,1232
1,9,39,716,84,1.76,329,1291,329,1081
1,2,11,367,85,1.62,318,1261,318,1157
1,4,9,524,86,1.57,307,1201,307,1103
1,4,14,381,89,1.74,320,1344,320,677
1,3,18,446,90,1.63,301,1235,301,1132
1,2,9,406,92,1.77,321,1323,321,1130
1,3,16,430,93,1.64,318,1241,318,1241
1,16,44,977,94,1.85,331,1326,331,1222
1,0,4,298,95,1.65,297,1147,297,395
1,6,30,644,97,1.82,312,1249,312,1169
1,2,8,307,101,16.8,302,1257,302,326
1,2,5,406,103,6.71,318,1119,318,1119
1,1,5,317,105,4.9,301,1137,301,555
1,1,5,376,106,5.2,322,1279,322,688
1,2,7,341,107,3.38,324,1272,324,348
1,1,9,346,109,4.02,313,1207,313,225
1,32,76,1651,110,2.23,312,1263,312,1263
1,3,6,460,111,3.29,299,1260,299,1260
1,6,20,857,113,4.31,325,1270,325,989
1,4,15,420,114,2.77,314,1253,314,926
1,4,10,425,118,1.71,319,1231,319,1231
1,2,7,326,119,2.18,309,1310,309,890
1,1,6,486,120,3.27,322,1285,322,1285
1,2,6,365,122,4.13,322,1196,322,640
1,16,31,1614,123,1.89,316,1240,316,1240
1,4,15,398,124,1.64,312,1196,312,1196
1,10,26,734,126,1.73,324,1243,324,996
1,4,13,449,129,2.0,312,1248,312,1248
1,1,8,339,130,1.64,328,1220,328,201
1,6,17,847,131,1.64,309,1179,309,1078
1,7,16,560,132,1.59,292,1130,292,534
1,17,26,1135,133,1.82,308,1258,308,1183
1,26,61,1594,134,1.95,327,1318,327,1318
1,7,19,471,136,1.66,311,1220,311,1220
1,9,25,676,137,1.62,318,1163,318,1163
1,3,19,434,138,1.72,315,1343,315,1343
1,0,3,310,139,1.75,309,1245,309,885
1,11,27,852,140,1.9,303,1280,303,639
1,15,31,1063,142,2.35,319,1256,319,1174
1,0,5,320,144,1.64,319,1191,319,333
1,2,7,412,145,1.67,331,1233,331,950
1,4,22,648,146,2.03,323,1253,323,1253
1,1,4,305,147,1.62,301,1154,301,9
1,6,19,497,148,1.68,310,1221,310,1221
1,4,8,455,149,1.73,315,1205,315,507
1,4,18,575,151,1.78,339,1274,339,799
1,0,3,319,152,1.84,318,1298,318,554
1,4,14,380,153,1.71,323,1249,323,90
1,22,52,1542,154,1.98,315,1307,315,1307
1,9,27,731,156,1.8,323,1275,323,1275
1,6,20,648,158,1.88,322,1298,322,890
1,6,22,741,159,3.84,313,1254,313,785
1,4,22,465,160,3.49,306,1221,306,961
1,3,12,355,161,1.9,312,1241,312,1062
1,5,13,416,162,1.72,307,1197,307,925
1,3,6,389,163,1.77,310,1336,310,1010
1,4,16,488,165,1.67,304,1170,304,1170
1,0,2,285,167,1.64,284,1147,284,0
1,10,25,826,168,1.76,317,1262,317,1127
1,8,21,406,169,1.92,313,1258,313,803
1,0,3,323,171,1.89,322,1367,322,728
1,3,7,349,175,1.64,298,1177,298,618
1,2,9,522,176,1.6,309,1178,309,1178
1,0,2,324,179,1.84,323,1310,323,0
1,10,18,646,180,1.6,304,1150,304,1150
1,0,2,326,182,1.7,325,1268,325,0
1,14,54,1209,185,1.96,324,1266,324,1266
1,9,24,758,187,1.88,327,1299,327,562
1,3,12,482,188,1.77,316,1274,316,776
1,8,21,470,191,1.54,299,1101,299,669
1,1,4,319,195,1.68,316,1294,316,742
1,8,23,1017,196,1.65,329,1231,329,1231
1,1,7,317,197,1.7,314,1271,314,1061
1,5,19,549,200,1.69,316,1227,316,1227
1,1,5,309,203,1.67,306,1253,306,969
1,12,31,1007,205,1.65,317,1218,317,1218
1,0,5,329,206,1.68,328,1275,328,388
1,3,10,472,208,1.64,304,1198,304,1198
1,5,10,398,209,1.64,307,1228,307,654
1,8,24,590,210,1.77,315,1309,315,1309
1,3,9,417,212,1.67,309,1220,309,863
1,13,45,876,213,1.72,323,1283,323,1095
1,2,19,415,214,1.81,323,1242,323,934
1,25,58,2107,215,1.83,309,1205,309,1205
1,1,4,323,216,1.95,319,1232,319,9
1,19,55,1317,218,1.83,335,1325,335,1325
1,0,2,301,220,1.56,300,1176,300,0
1,6,26,806,221,1.65,311,1237,311,1060
1,2,10,333,222,1.64,301,1170,301,1170
1,4,9,439,224,1.57,311,1219,311,1219
1,12,48,1222,227,1.81,312,1301,312,1301
1,10,41,1084,230,1.77,317,1257,317,1067
1,8,16,845,231,1.71,303,1202,303,1105
1,1,5,293,232,2.13,290,1133,290,352
1,3,16,359,233,1.59,328,1227,328,1092
1,2,14,429,234,1.68,324,1275,324,823
1,1,5,376,235,2.91,314,1206,314,1030
1,32,74,2196,236,1.96,328,1235,328,1235
1,1,6,324,237,1.64,309,1182,309,185
1,2,12,394,238,1.83,312,1293,312,1293
1,4,10,469,239,1.85,323,1270,323,864
1,1,4,313,242,1.51,309,1132,309,9
1,3,6,336,243,2.1,325,1260,325,87
1,9,29,827,245,3.97,309,1251,309,1251
1,5,11,379,246,2.8,307,1215,307,859
1,17,62,1392,247,1.82,329,1245,329,1245
1,3,16,589,248,1.78,327,1272,327,1272
1,17,40,945,250,2.22,296,1269,296,1098
1,9,25,871,251,1.73,322,1245,322,1153
1,6,16,626,252,1.76,314,1298,314,1298
1,1,10,383,253,2.33,308,1251,308,999
1,1,5,324,255,3.01,321,1231,321,620
1,1,4,320,256,3.18,316,1236,316,9
1,11,26,732,259,1.86,322,1263,322,1263
1,5,20,686,261,1.82,326,1257,326,933
1,11,31,627,262,1.83,320,1268,320,1268
1,3,8,372,263,2.47,325,1315,325,557
1,2,7,368,267,1.76,323,1287,323,642
1,10,24,692,268,2.61,324,1241,324,1241
1,1,5,307,273,1.84,304,1207,304,532
1,5,9,377,274,1.89,310,1168,310,462
1,10,31,887,275,3.49,315,1185,315,1040
1,4,19,563,279,1.96,309,1234,309,1234
1,1,4,329,280,1.64,304,1134,304,1134
1,4,9,367,281,2.14,302,1166,302,763
1,0,4,308,283,1.7,307,1194,307,563
1,4,17,597,285,1.76,309,1235,309,546
1,4,14,526,288,1.77,313,1192,313,1192
1,9,30,726,292,2.89,336,1302,336,1302
1,1,4,342,294,1.76,322,1327,322,363
1,5,14,447,295,1.8,325,1296,325,1064
1,0,2,306,298,1.5,305,1137,305,0
1,1,4,310,300,1.58,306,1214,306,9
1,8,26,569,301,1.78,321,1273,321,1273
1,13,36,861,305,1.88,323,1325,323,1325
1,1,6,346,312,1.77,328,1296,328,643
1,5,10,519,314,1.72,313,1249,313,710
1,16,48,997,317,2.06,321,1307,321,1210
1,12,25,809,318,1.8,332,1245,332,710
1,8,22,664,319,1.72,309,1259,309,1259
1,4,11,448,320,2.54,311,1146,311,644
1,6,13,533,321,1.87,320,1257,320,920
1,0,2,311,322,2.97,310,1219,310,0
1,3,15,453,324,1.97,319,1319,319,1319
1,3,12,481,325,1.85,311,1183,311,1183
1,11,26,791,327,1.89,321,1193,321,1125
1,2,9,456,329,1.93,325,1220,325,1220
1,6,19,575,331,2.06,322,1295,322,923
1,1,6,324,333,2.0,318,1265,318,196
1,8,32,739,335,2.07,315,1299,315,1299
1,7,23,661,336,1.94,318,1231,318,1169
1,3,13,395,339,2.08,319,1276,319,1276
1,4,14,428,341,1.99,328,1259,328,743
1,5,15,509,342,2.04,328,1292,328,673
1,5,15,436,343,2.01,315,1197,315,971
1,9,24,504,346,1.9,300,1212,300,1212
1,7,19,672,347,3.18,317,1249,317,937
1,0,3,317,349,1.88,316,1179,316,194
1,6,14,581,350,2.04,314,1283,314,693
1,1,4,317,352,1.9,313,1209,313,9
1,2,10,355,354,1.67,326,1236,326,398
1,3,10,427,357,1.74,314,1291,314,1179
1,0,2,305,360,1.68,304,1282,304,0
1,2,14,388,365,1.77,323,1270,323,1270
1,2,5,331,366,1.63,318,1209,318,415
1,10,27,941,368,1.72,324,1267,324,1267
1,3,11,486,369,1.76,322,1285,322,253
1,4,20,387,371,1.66,318,1242,318,1242
1,10,18,900,374,1.68,324,1247,324,1247
1,15,40,1133,378,1.72,333,1294,333,1228
1,4,16,394,379,1.89,333,1297,333,299
1,4,8,414,380,1.49,312,1146,312,494
1,6,15,545,381,1.64,304,1250,304,1142
1,2,10,372,383,1.64,309,1228,309,1228
1,14,28,1013,384,1.69,319,1242,319,1123
1,1,5,342,389,1.63,309,1206,309,595
1,0,7,286,390,1.49,285,1184,285,1013
1,5,21,449,391,1.66,316,1250,316,407
1,3,9,420,393,1.59,308,1235,308,620
1,0,3,310,395,1.61,309,1245,309,172
1,8,23,768,396,1.7,305,1287,305,1287
1,0,2,302,397,1.51,301,1158,301,0
1,1,4,326,398,1.71,322,1342,322,9
1,7,25,526,401,1.67,324,1253,324,490
1,2,11,459,403,1.69,321,1295,321,1172
1,1,4,316,404,1.54,313,1217,313,102
1,12,56,1098,406,1.77,316,1300,316,1300
1,9,31,920,407,1.69,322,1267,322,1267
1,5,12,576,409,1.89,305,1203,305,547
1,0,2,307,411,1.59,306,1249,306,0
1,4,14,444,412,1.54,308,1180,308,940
1,2,12,494,413,1.87,320,1240,320,771
1,1,6,338,414,1.54,310,1183,310,72
1,8,18,783,416,1.5,305,1129,305,1032
1,5,26,576,417,1.64,323,1231,323,754
1,7,27,588,418,1.92,327,1264,327,1264
1,4,9,390,419,2.19,317,1230,317,306
1,2,6,379,420,2.58,306,1149,306,686
1,3,11,392,422,2.63,325,1272,325,1272
1,9,22,729,424,2.69,317,1300,317,1065
1,2,12,341,425,2.65,308,1248,308,562
1,4,14,365,428,3.12,312,1208,312,136
1,11,34,796,434,4.3,321,1227,321,1159
1,10,22,792,437,3.45,310,1241,310,1241
1,2,13,400,438,3.12,307,1197,307,1197
1,6,18,526,440,3.24,318,1246,318,1110
1,0,2,306,441,3.14,305,1246,305,0
1,1,4,326,442,3.23,319,1188,319,198
1,2,10,378,443,3.25,316,1246,316,257
1,14,29,934,444,3.13,325,1224,325,1224
1,4,16,533,445,2.53,318,1297,318,1179
1,2,8,365,447,1.87,312,1191,312,540
1,0,2,312,449,2.89,311,1236,311,0
1,0,3,312,450,1.69,311,1236,311,530
1,4,10,521,451,1.97,299,1157,299,462
1,12,33,1173,452,2.13,318,1292,318,1292
1,7,28,740,455,2.1,319,1273,319,1273
1,7,33,651,456,2.41,318,1232,318,888
1,5,20,664,457,2.39,331,1307,331,960
1,2,8,316,458,2.25,306,1193,306,465
1,8,37,729,460,3.07,318,1302,318,1302
1,21,40,1457,461,2.63,325,1323,325,1323
1,5,19,979,462,2.97,320,1266,320,1266
1,1,11,548,463,2.63,304,1231,304,1231
1,18,53,1372,464,2.61,303,1222,303,1136
1,0,6,315,465,2.17,314,1183,314,1082
1,0,5,318,466,2.76,317,1212,317,505
1,16,49,1395,467,2.8,325,1290,325,1290
1,7,18,563,469,2.24,303,1186,303,1186
1,15,51,2049,472,2.65,321,1220,321,1220
1,8,17,466,478,1.98,324,1209,324,1209
1,5,28,725,480,2.35,327,1341,327,646
1,3,9,327,482,2.31,304,1240,304,888
1,3,13,458,484,4.33,315,1261,315,907
1,4,11,393,485,3.15,307,1217,307,232
1,7,33,588,486,3.06,321,1199,321,1064
1,1,5,316,487,2.17,303,1215,303,729
1,6,19,587,489,3.65,314,1245,314,1137
1,0,5,317,492,2.93,316,1295,316,1125
1,7,22,747,493,3.77,322,1261,322,1261
1,7,22,628,495,2.01,331,1299,331,823
1,3,13,450,496,1.94,328,1309,328,549
1,2,9,415,498,1.75,310,1246,310,635
1,1,4,324,499,1.86,320,1274,320,9
1,1,11,325,502,2.08,307,1279,307,1186
1,3,8,362,503,1.85,328,1234,328,725
1,1,5,355,504,1.68,314,1223,314,232
1,7,17,1119,505,1.9,312,1194,312,1194
1,0,2,297,507,1.69,296,1131,296,0
1,2,12,474,509,2.91,332,1281,332,1045
1,2,5,357,510,2.91,326,1282,326,87
1,7,22,738,511,4.57,320,1283,320,1085
1,0,2,316,512,2.64,315,1170,315,0
1,2,10,549,513,3.01,316,1227,316,1227
1,8,28,693,515,2.84,318,1307,318,933
1,1,4,323,516,1.99,308,1200,308,620
1,1,6,372,517,4.94,332,1252,332,432
1,5,11,579,518,2.1,303,1215,303,1215
1,2,9,403,519,2.02,320,1305,320,600
1,5,16,514,520,1.71,313,1217,313,1217
1,2,7,328,521,1.9,319,1281,319,477
1,7,19,580,523,1.83,321,1243,321,1093
1,1,4,326,524,1.95,319,1222,319,420
1,6,13,421,525,1.99,301,1188,301,449
1,5,14,547,526,2.62,310,1253,310,685
1,3,16,524,532,2.41,317,1221,317,1221
1,6,16,474,534,1.84,312,1199,312,919
1,4,16,407,535,1.78,315,1191,315,878
1,11,24,799,537,1.81,318,1243,318,869
1,1,5,309,538,1.64,305,1229,305,18
1,10,32,968,540,1.83,322,1317,322,1317
1,14,31,891,541,2.28,323,1299,323,939
1,14,26,1121,543,1.79,311,1282,311,1190
1,0,2,311,544,1.78,310,1278,310,0
1,5,17,496,545,2.1,308,1265,308,1104
1,13,40,1083,547,1.77,329,1232,329,1232
1,3,9,423,549,1.72,320,1292,320,1202
1,0,3,316,551,2.02,315,1251,315,540
1,0,2,316,552,2.11,315,1263,315,0
1,4,11,484,553,2.24,311,1226,311,710
1,1,5,330,556,1.61,315,1209,315,36
1,3,7,348,562,1.97,322,1237,322,1060
1,6,16,403,563,1.67,309,1252,309,1046
1,0,2,330,565,1.76,329,1278,329,0
1,4,11,545,566,1.82,305,1256,305,1256
1,12,33,1043,568,1.92,329,1319,329,1319
1,2,5,330,570,1.6,294,1172,294,1172
1,3,13,439,571,1.84,307,1240,307,779
1,15,28,755,572,2.07,328,1289,328,1289
1,4,20,515,573,1.77,326,1302,326,1207
1,9,40,1149,576,1.85,327,1208,327,1208
1,8,15,549,577,2.08,322,1259,322,1080
1,2,6,479,579,1.68,310,1235,310,857
1,6,15,489,581,1.67,313,1141,313,836
1,2,7,344,585,1.88,315,1132,315,99
1,3,12,477,587,2.0,316,1236,316,907
1,7,18,644,588,2.43,332,1297,332,921
1,12,18,1016,589,2.7,311,1197,311,710
1,1,7,344,591,2.29,299,1067,299,618
1,7,20,473,594,2.69,322,1273,322,1160
1,18,27,907,595,2.66,304,1199,304,1199
1,0,2,307,596,2.55,306,1219,306,0
1,7,32,735,597,2.97,332,1297,332,895
1,3,8,362,598,2.46,308,1164,308,572
1,0,2,311,600,2.58,310,1213,310,0
1,0,2,319,602,2.71,318,1279,318,0
1,15,38,933,603,2.81,320,1286,320,960
1,1,4,328,606,2.41,296,1130,296,335
1,5,18,492,611,2.25,325,1272,325,1272
1,12,28,937,612,2.3,327,1247,327,1247
1,3,6,321,613,1.53,304,1159,304,972
1,2,8,351,614,1.68,318,1231,318,1146
1,2,6,322,615,2.33,316,1205,316,927
1,7,25,688,617,1.67,326,1217,326,1123
1,15,44,1304,618,1.79,310,1227,310,1227
1,7,18,573,620,1.7,315,1235,315,1235
1,4,15,527,623,1.71,304,1244,304,1244
1,12,42,1181,626,1.69,312,1194,312,1023
1,3,6,475,628,1.65,309,1242,309,1242
1,3,12,436,629,1.95,319,1212,319,687
1,5,16,626,632,1.81,324,1277,324,886
1,5,13,533,633,1.66,326,1259,326,1259
1,0,5,323,634,1.8,322,1259,322,1027
1,2,5,327,635,1.64,314,1220,314,157
1,2,14,375,637,1.69,332,1273,332,1148
1,5,16,586,639,1.72,319,1216,319,649
1,0,6,304,641,1.87,303,1196,303,769
1,9,20,702,642,1.73,309,1235,309,835
1,4,15,417,643,1.7,304,1217,304,814
1,5,14,623,645,1.76,314,1293,314,1205
1,0,2,311,649,1.6,310,1175,310,0
1,2,8,381,650,1.7,327,1262,327,1063
1,4,15,445,652,1.67,302,1269,302,967
1,0,2,304,653,2.32,303,1259,303,0
1,12,30,999,654,1.77,316,1245,316,1245
1,0,5,310,655,2.52,309,1211,309,1211
1,3,9,583,656,2.04,315,1230,315,887
1,6,17,616,657,2.56,319,1241,319,641
1,2,5,331,658,1.82,309,1166,309,181
1,4,11,426,659,2.77,315,1151,315,1151
1,5,20,774,661,2.26,302,1156,302,933
1,5,16,530,664,2.28,300,1230,300,501
1,0,2,292,667,2.64,291,1118,291,0
1,4,18,402,669,2.25,305,1224,305,1224
1,3,10,367,670,2.56,326,1286,326,898
1,2,7,350,671,2.24,315,1210,315,456
1,1,4,316,673,2.99,313,1181,313,356
1,0,3,317,674,2.31,316,1237,316,280
1,17,34,1122,678,2.44,326,1248,326,1248
1,4,15,460,679,2.3,312,1260,312,1016
1,2,6,393,680,2.26,323,1212,323,763
1,3,14,543,681,1.72,298,1108,298,623
1,3,6,343,685,1.82,312,1184,312,370
1,0,3,321,686,1.59,320,1222,320,394
1,1,7,322,689,1.77,297,1245,297,737
1,2,6,354,691,1.53,302,1125,302,136
1,14,37,1197,692,1.71,313,1213,313,1213
1,0,2,309,693,1.53,308,1189,308,0
1,2,7,380,695,1.65,306,1261,306,629
1,0,2,300,696,1.52,299,1140,299,0
1,5,16,534,697,1.61,312,1227,312,1153
1,0,8,306,698,1.48,305,1134,305,1134
1,6,17,489,701,1.71,319,1285,319,1028
1,5,22,755,703,1.71,315,1307,315,1117
1,7,13,527,705,1.61,327,1271,327,1271
1,6,11,650,709,3.34,311,1220,311,863
1,11,43,942,710,1.74,329,1321,329,1143
1,1,4,317,712,1.65,313,1291,313,9
1,10,22,505,713,1.57,297,1151,297,1151
1,6,15,469,715,1.65,317,1266,317,399
1,11,24,995,716,1.67,317,1227,317,1071
1,6,16,764,718,1.75,332,1259,332,949
1,6,18,632,719,1.65,316,1240,316,1057
1,15,38,1239,721,1.74,313,1272,313,1272
1,1,4,316,722,1.52,310,1171,310,96
1,3,13,534,723,1.64,317,1207,317,1207
1,3,9,481,724,1.56,303,1160,303,827
1,12,37,1042,725,1.77,311,1277,311,1113
1,13,23,1031,726,1.93,302,1097,302,592
1,9,18,521,728,1.74,309,1261,309,816
1,1,4,368,730,1.64,316,1231,316,285
1,1,4,323,731,1.67,319,1275,319,9
1,15,25,796,732,1.75,318,1254,318,1254
1,6,20,523,733,1.66,316,1247,316,1247
1,3,9,449,736,1.92,318,1301,318,951
1,9,18,584,737,1.72,317,1266,317,913
1,3,11,469,738,1.69,304,1289,304,782
1,2,11,453,740,1.71,298,1147,298,881
1,2,9,354,743,1.54,297,1206,297,1206
1,0,4,309,744,1.69,308,1195,308,729
1,2,8,322,745,1.53,313,1198,313,139
1,6,13,492,746,1.61,320,1240,320,1240
1,9,18,830,747,1.69,323,1283,323,1283
1,0,3,312,748,1.72,311,1268,311,139
1,1,4,325,751,1.64,321,1231,321,9
1,6,24,538,753,2.13,317,1281,317,679
1,2,5,320,757,1.63,315,1222,315,304
1,6,14,353,764,1.64,320,1231,320,401
1,23,42,921,765,1.85,326,1270,326,1270
1,10,15,749,770,1.63,319,1250,319,1041
1,3,11,534,771,1.64,327,1217,327,1217
1,1,12,334,772,1.63,324,1246,324,391
1,4,17,453,773,1.59,329,1235,329,1235
1,6,18,790,775,1.64,321,1249,321,683
1,5,16,506,779,1.73,315,1235,315,1235
1,17,34,1544,782,1.79,327,1267,327,1267
1,9,32,891,783,1.67,317,1230,317,1158
1,3,17,421,787,1.62,330,1270,330,1211
1,10,24,894,789,1.67,309,1233,309,1233
1,2,10,350,791,1.55,310,1197,310,1197
1,1,4,313,794,1.58,309,1230,309,9
1,13,40,1025,796,1.73,330,1288,330,1288
1,3,9,438,797,1.68,311,1281,311,606
1,9,25,701,798,1.64,321,1245,321,1245
1,3,7,374,799,1.47,291,1141,291,394
1,3,16,542,801,1.67,328,1271,328,1271
1,2,9,405,804,1.64,306,1249,306,477
1,15,30,1083,806,1.74,320,1292,320,1216
1,2,12,406,807,1.64,334,1261,334,1261
1,20,39,1595,808,1.87,324,1324,324,1244
1,15,28,1359,811,1.69,306,1224,306,1224
1,7,18,492,812,1.51,313,1139,313,746
1,8,12,670,817,1.7,323,1280,323,1280
1,1,7,364,818,1.58,321,1252,321,123
1,1,5,329,821,1.73,324,1282,324,42
1,4,15,340,823,1.6,304,1153,304,342
1,9,24,678,824,1.68,324,1286,324,1286
1,20,66,1403,827,1.69,312,1207,312,1207
1,0,2,316,828,1.59,315,1266,315,0
1,4,14,562,830,1.64,320,1273,320,1273
1,1,9,393,832,1.62,316,1268,316,1047
1,6,12,448,837,1.66,316,1260,316,1183
1,7,25,572,838,1.59,311,1166,311,785
1,2,9,337,839,1.6,306,1201,306,703
1,9,27,669,843,1.68,330,1260,330,1260
1,0,2,315,846,1.53,314,1211,314,0
1,14,29,924,847,1.88,321,1263,321,1263
1,2,6,368,848,1.58,323,1203,323,496
1,1,8,382,849,1.48,314,1136,314,1136
1,0,2,308,850,1.53,307,1214,307,0
1,10,23,799,851,1.78,333,1338,333,1338
1,6,20,490,854,1.69,321,1294,321,1294
1,4,8,466,858,1.7,318,1257,318,1257
1,5,21,580,859,1.69,320,1283,320,1283
1,24,52,1379,860,1.82,327,1292,327,1292
1,4,12,440,861,1.59,318,1202,318,393
1,5,15,440,863,1.59,323,1217,323,1137
1,1,12,352,865,1.56,320,1191,320,388
1,3,22,523,872,1.65,324,1266,324,1005
1,4,15,384,876,1.63,315,1238,315,1117
1,2,6,412,878,1.69,316,1250,316,356
1,9,18,604,879,1.69,317,1270,317,1013
1,8,22,805,882,1.78,323,1329,323,788
1,15,34,1106,883,1.68,327,1218,327,1079
1,1,4,314,884,1.64,311,1228,311,292
1,3,7,342,885,1.8,311,1305,311,439
1,5,14,524,887,1.6,302,1236,302,1236
1,0,5,321,890,1.73,320,1328,320,1328
1,7,23,748,892,1.84,306,1181,306,1181
1,7,14,570,893,1.57,312,1189,312,677
1,1,7,327,896,1.55,296,1152,296,788
1,22,49,1606,898,1.76,317,1264,317,1264
1,7,37,775,901,1.76,325,1338,325,1338
1,7,16,582,904,1.73,328,1266,328,899
1,7,14,419,906,2.17,321,1265,321,950
1,1,5,325,907,1.66,322,1260,322,666
1,1,7,347,908,1.64,316,1252,316,454
1,21,56,1679,909,1.97,317,1257,317,952
1,1,4,306,910,1.55,302,1158,302,9
1,8,23,749,911,1.62,296,1244,296,1143
1,3,6,354,912,1.6,314,1205,314,89
1,3,10,348,914,1.71,323,1272,323,578
1,2,8,381,915,1.69,327,1307,327,811
1,15,33,861,921,1.7,324,1265,324,1265
1,16,37,1350,922,1.77,317,1273,317,1147
1,5,12,664,925,1.63,323,1235,323,1140
1,5,14,636,928,1.66,314,1267,314,1267
1,1,5,390,929,1.49,298,1130,298,1130
1,2,10,377,930,1.66,313,1280,313,1280
1,13,52,903,933,1.75,325,1291,325,971
1,6,23,592,934,1.66,311,1223,311,798
1,5,12,421,937,1.73,311,1249,311,1249
1,1,5,307,940,1.53,303,1229,303,18
1,21,78,1638,941,1.78,333,1305,333,1305
1,1,7,337,944,1.59,312,1204,312,510
1,7,15,613,945,1.6,324,1210,324,1147
1,4,8,400,946,1.71,332,1295,332,1056
1,8,33,952,947,1.66,312,1237,312,1237
1,12,37,858,952,1.74,322,1250,322,539
1,5,22,796,953,1.62,334,1220,334,1220
1,0,2,311,956,1.51,310,1182,310,0
1,0,4,328,958,1.77,327,1354,327,917
1,5,14,594,959,1.61,317,1227,317,1227
1,11,21,945,960,1.61,303,1146,303,887
1,1,5,304,963,1.59,295,1186,295,814
1,0,2,316,964,2.11,315,1250,315,0
1,17,55,1421,965,2.09,325,1293,325,1293
1,7,25,870,968,1.64,327,1261,327,1261
1,27,60,1770,969,1.84,315,1236,315,1236
1,5,10,453,970,1.58,319,1207,319,1207
1,11,19,873,973,1.72,331,1284,331,868
1,1,6,342,975,1.61,306,1237,306,691
1,7,21,757,977,1.65,315,1190,315,1090
1,12,25,854,978,1.65,310,1219,310,1031
1,10,25,593,980,1.61,314,1229,314,1229
1,7,16,577,983,1.86,315,1193,315,947
1,4,12,348,984,1.66,329,1265,329,1072
1,1,6,347,985,1.58,331,1248,331,1164
1,9,36,862,986,1.76,325,1305,325,1189
1,27,73,1901,987,1.87,323,1271,323,1271
1,9,17,636,989,1.61,313,1185,313,568
1,7,16,464,993,1.68,323,1266,323,1098
1,1,5,389,994,1.63,314,1204,314,1204
1,5,15,639,995,1.59,310,1226,310,1226
1,1,4,348,996,1.48,298,1151,298,1091
1,6,19,590,997,1.66,321,1229,321,1229
1,1,4,309,1001,1.56,306,1205,306,49
1,4,18,450,1002,1.6,308,1195,308,646
1,6,12,835,1006,1.61,320,1237,320,1237
1,0,3,319,1007,1.67,318,1185,318,418
1,2,13,390,1010,1.62,316,1173,316,787
1,2,12,379,1012,1.59,318,1212,318,1212
1,14,30,866,1013,1.81,324,1320,324,1320
1,12,32,764,1014,1.59,314,1194,314,1194
1,18,44,1263,1015,1.78,328,1291,328,1291
1,3,12,403,1016,1.55,315,1228,315,1148
1,9,23,862,1018,1.77,314,1260,314,1260
1,3,17,353,1022,1.63,317,1299,317,1165
1,0,6,320,1024,1.66,319,1260,319,378
1,7,16,634,1025,1.69,320,1245,320,513
1,6,16,499,1026,2.18,316,1276,316,737
1,17,40,994,1028,1.79,323,1331,323,1161
1,7,26,655,1029,1.67,324,1263,324,1132
1,1,4,331,1030,1.61,314,1228,314,615
1,3,14,436,1031,1.72,318,1269,318,657
1,2,10,373,1035,1.53,304,1170,304,1170
1,8,19,700,1036,1.69,310,1191,310,723
1,6,12,801,1037,1.67,318,1248,318,1248
1,4,9,339,1038,1.54,297,1183,297,175
1,5,18,516,1039,1.74,319,1301,319,499
1,7,17,433,1040,1.59,314,1204,314,720
1,5,9,427,1041,1.65,306,1212,306,892
1,3,10,455,1043,1.62,312,1261,312,1199
1,9,20,758,1044,1.83,320,1273,320,1181
1,3,14,508,1048,1.63,308,1259,308,1136
1,3,9,363,1049,1.58,304,1193,304,563
1,1,7,387,1051,2.13,311,1233,311,773
1,7,26,670,1052,1.6,316,1191,316,1003
1,3,20,553,1053,1.75,318,1337,318,1065
1,5,23,867,1054,1.76,320,1278,320,1151
1,4,17,439,1055,1.74,316,1197,316,838
1,0,2,310,1056,1.65,309,1270,309,0
1,1,8,327,1059,1.74,324,1312,324,462
1,9,43,853,1060,1.69,323,1281,323,1281
1,5,18,599,1063,1.68,315,1257,315,687
1,1,4,330,1064,1.62,327,1260,327,209
1,2,9,427,1070,1.69,321,1276,321,1087
1,7,14,683,1071,1.75,328,1254,328,1254
1,9,30,710,1073,1.64,312,1218,312,1218
1,11,34,795,1075,1.7,313,1273,313,1273
1,4,13,389,1076,1.62,307,1249,307,145
1,21,52,1522,1077,1.84,325,1294,325,1294
1,0,2,307,1078,1.46,306,1117,306,0
1,11,24,693,1081,1.74,315,1260,315,681
1,6,22,610,1084,1.68,326,1262,326,1262
1,2,5,396,1085,1.64,327,1250,327,863
1,3,9,558,1086,1.59,309,1225,309,1225
1,3,12,393,1089,1.66,322,1272,322,534
1,3,8,418,1091,1.69,315,1245,315,1245
1,11,32,1266,1092,1.62,319,1207,319,1207
1,6,17,656,1095,1.58,319,1229,319,1229
1,0,4,319,1098,1.72,318,1216,318,408
1,1,6,319,1099,1.65,315,1263,315,311
1,2,9,373,1100,1.65,319,1266,319,739
1,3,18,732,1101,1.71,310,1241,310,941
1,0,3,311,1102,1.65,310,1259,310,680
1,8,24,868,1103,1.68,319,1261,319,1261
1,6,11,503,1105,1.66,318,1257,318,298
1,1,4,322,1106,1.54,294,1116,294,437
1,2,15,469,1109,1.64,317,1277,317,1277
1,6,14,488,1111,1.62,321,1236,321,825
1,2,5,307,1112,1.5,297,1159,297,115
1,1,4,318,1114,1.57,315,1240,315,152
1,4,11,765,1117,1.67,317,1283,317,1197
1,4,20,507,1118,1.71,321,1288,321,1288
1,10,19,986,1119,2.31,315,1250,315,1028
1,6,24,652,1121,2.8,308,1233,308,1163
1,8,41,751,1122,2.02,339,1335,339,1335
1,21,53,1475,1123,1.73,328,1252,328,1157
1,4,10,374,1126,1.56,303,1177,303,653
1,0,2,298,1127,1.54,297,1213,297,0
1,8,25,529,1128,1.72,303,1240,303,1184
1,7,23,666,1132,1.58,294,1146,294,829
1,3,9,449,1137,1.61,307,1228,307,607
1,2,6,320,1138,2.1,315,1247,315,589
1,1,7,328,1140,1.58,325,1226,325,984
1,10,27,651,1141,1.66,302,1247,302,878
1,4,18,385,1143,1.61,315,1244,315,1244
1,10,21,643,1144,1.78,314,1304,314,748
1,9,26,621,1145,1.53,299,1174,299,1174
1,17,59,1507,1148,1.87,317,1329,317,1258
1,12,22,667,1152,2.05,322,1319,322,945
1,12,32,1169,1153,1.84,325,1246,325,1134
1,7,23,789,1156,1.82,326,1321,326,1321
1,2,11,342,1157,1.61,311,1245,311,971
1,4,9,416,1159,1.66,314,1313,314,1026
1,13,43,960,1160,1.76,316,1276,316,1143
1,10,23,884,1162,1.72,325,1270,325,1223
1,8,21,811,1164,2.13,292,1107,292,1107
1,4,17,473,1165,1.63,317,1269,317,922
1,3,12,369,1168,1.64,323,1254,323,497
1,6,15,456,1169,2.59,321,1264,321,991
1,7,24,558,1170,2.22,331,1295,331,1295
1,6,16,504,1171,1.72,326,1257,326,1257
1,2,6,359,1172,1.59,326,1138,326,171
1,8,25,592,1173,1.81,317,1223,317,1223
1,15,33,1624,1174,1.83,311,1194,311,1194
1,1,13,373,1176,1.65,313,1245,313,1245
1,2,18,507,1179,1.84,319,1316,319,1316
1,9,32,852,1182,1.84,321,1260,321,982
1,29,66,1583,1183,1.97,324,1289,324,761
1,10,22,778,1185,1.66,306,1205,306,1205
1,0,3,310,1187,1.76,309,1287,309,560
1,7,25,951,1188,1.82,315,1292,315,836
1,6,19,530,1190,1.7,332,1252,332,1252
1,1,6,312,1192,1.7,309,1192,309,991
1,9,18,758,1193,1.88,313,1279,313,1202
1,0,2,301,1194,1.53,300,1185,300,0
1,45,98,2526,1197,1.92,324,1310,324,1310
1,3,9,548,1198,1.75,313,1273,313,820
1,11,42,930,1200,1.68,321,1252,321,960
1,0,2,291,1202,1.51,290,1181,290,0
1,2,10,330,1206,1.59,315,1208,315,584
1,0,2,312,1208,1.69,311,1251,311,0
1,1,4,386,1211,1.61,320,1249,320,1249
1,8,30,897,1212,1.76,327,1326,327,1326
1,2,7,334,1214,1.66,314,1213,314,118
1,17,47,1279,1218,1.72,333,1263,333,1263
1,11,41,1085,1219,1.74,317,1260,317,879
1,7,21,500,1221,1.57,312,1213,312,976
1,4,13,396,1222,1.65,321,1268,321,245
1,1,7,311,1223,1.53,305,1203,305,170
1,9,30,805,1224,1.65,311,1232,311,1232
1,18,49,1057,1225,1.98,316,1308,316,1178
1,4,13,441,1226,1.59,320,1241,320,1241
1,3,15,399,1227,1.61,325,1241,325,786
1,3,14,506,1228,1.59,305,1198,305,718
1,3,6,376,1229,1.53,305,1181,305,246
1,1,11,375,1230,1.67,310,1278,310,1189
1,13,29,648,1232,1.68,314,1238,314,1073
1,21,51,1533,1233,2.14,327,1305,327,1305
1,11,30,1063,1238,1.79,321,1298,321,1133
1,9,48,1135,1239,1.67,316,1235,316,1235
1,4,17,521,1241,1.51,302,1174,302,1174
1,4,16,445,1242,1.65,323,1285,323,1212
1,1,7,340,1244,1.6,318,1220,318,728
1,8,34,966,1245,1.63,311,1245,311,1178
1,7,23,617,1250,1.74,323,1317,323,1317
1,12,42,932,1251,1.79,319,1282,319,1190
1,3,12,442,1253,1.7,326,1314,326,553
1,11,41,1118,1255,1.76,323,1244,323,1244
1,4,16,538,1258,1.58,321,1225,321,1225
1,2,13,476,1260,1.6,302,1213,302,1149
1,26,94,1697,1261,1.88,313,1342,313,1342
1,1,6,336,1263,1.57,314,1173,314,393
1,4,12,398,1264,1.6,308,1245,308,1245
1,4,16,579,1272,1.7,323,1324,323,1044
1,0,4,327,1273,1.61,326,1209,326,629
1,3,9,339,1274,1.64,311,1236,311,681
1,7,16,642,1275,1.71,316,1267,316,1114
1,0,2,308,1276,1.56,307,1196,307,0
1,2,8,385,1277,1.65,318,1221,318,821
1,0,4,308,1278,1.56,307,1171,307,633
1,4,12,449,1281,1.67,316,1218,316,661
1,1,7,410,1282,1.61,305,1169,305,729
1,2,5,326,1283,1.51,309,1165,309,36
1,6,20,494,1285,1.67,315,1296,315,1095
1,13,42,1005,1287,1.77,315,1313,315,1313
1,0,2,296,1290,1.71,295,1056,295,0
1,11,36,868,1292,1.7,327,1262,327,1262
1,1,4,312,1294,1.5,302,1173,302,30
1,9,24,685,1297,1.63,319,1233,319,1233
1,3,7,405,1298,1.66,310,1282,310,1193
1,11,38,1366,1299,1.66,309,1219,309,1142
1,2,9,367,1300,1.67,314,1294,314,620
1,1,7,405,1302,1.89,319,1240,319,462
1,29,84,2204,1303,1.9,331,1326,331,1326
1,13,38,1011,1305,1.71,324,1287,324,1079
1,7,12,498,1306,1.6,328,1213,328,1213
1,2,11,369,1307,1.6,303,1194,303,1094
1,3,10,500,1311,1.61,307,1256,307,944
1,5,13,574,1312,1.67,323,1261,323,750
1,9,28,904,1313,1.85,308,1270,308,1160
1,2,6,326,1315,1.59,319,1247,319,123
1,6,16,449,1316,1.69,313,1255,313,1179
1,2,5,432,1319,1.8,318,1253,318,756
1,3,9,381,1323,1.61,307,1225,307,483
1,10,22,927,1327,1.63,306,1250,306,1250
1,1,6,361,1332,1.75,296,1177,296,725
1,9,35,1053,1333,1.68,330,1244,330,1244
1,2,6,377,1334,1.64,323,1195,323,884
1,3,9,360,1335,1.65,308,1196,308,812
1,2,6,389,1339,1.72,325,1301,325,552
1,5,11,647,1340,1.62,316,1226,316,538
1,13,33,1029,1341,1.97,313,1271,313,1093
1,11,27,632,1342,1.69,328,1211,328,957
1,11,28,637,1345,1.65,320,1234,320,1234
1,0,2,305,1349,1.54,304,1192,304,0
1,6,19,513,1351,1.65,306,1277,306,859
1,0,2,299,1353,1.61,298,1245,298,0
1,14,33,876,1354,1.74,321,1306,321,1002
1,7,14,495,1355,1.63,315,1218,315,409
1,10,34,776,1356,1.89,311,1300,311,1300
1,1,6,318,1358,1.59,315,1170,315,821
1,10,24,1140,1360,1.75,314,1290,314,1290
1,3,10,330,1361,1.7,321,1293,321,863
1,8,28,729,1363,1.66,315,1221,315,1221
1,12,31,1361,1364,1.69,314,1249,314,1249
1,8,17,561,1365,1.51,304,1108,304,631
1,12,29,986,1367,1.73,326,1279,326,1279
1,18,56,1394,1369,1.87,317,1194,317,1194
1,4,22,589,1372,1.51,302,1091,302,721
1,4,19,630,1374,1.81,323,1261,323,1129
1,2,23,422,1377,1.62,306,1262,306,1184
1,7,16,466,1378,1.71,324,1284,324,1030
1,1,4,306,1380,1.56,302,1106,302,9
1,3,8,439,1382,2.43,324,1246,324,585
1,1,9,336,1383,1.47,293,1134,293,511
1,16,37,827,1384,1.67,326,1292,326,1128
1,0,2,309,1386,1.7,308,1251,308,0
1,10,33,1043,1388,1.83,323,1280,323,1172
1,5,20,566,1392,1.64,317,1230,317,610
1,4,10,736,1393,1.65,307,1249,307,914
1,0,8,312,1395,1.56,311,1152,311,723
1,5,10,523,1396,1.54,313,1171,313,1171
1,3,7,494,1397,1.65,326,1252,326,873
1,24,61,1628,1400,1.83,328,1310,328,1069
1,16,34,907,1401,1.65,326,1219,326,926
1,3,9,526,1402,1.69,316,1305,316,1030
1,6,14,537,1404,1.56,305,1157,305,1157
1,4,9,438,1405,1.92,303,1189,303,217
1,9,17,764,1406,1.76,312,1239,312,1239
1,2,12,351,1407,1.68,322,1218,322,711
1,1,5,368,1409,1.79,327,1269,327,1269
1,2,10,400,1413,2.04,327,1288,327,1288
1,3,11,420,1415,1.71,324,1219,324,855
1,2,8,315,1416,1.99,301,1204,301,472
1,1,4,343,1417,1.99,309,1247,309,131
1,8,21,710,1418,1.82,328,1294,328,1294
1,4,20,424,1419,1.73,317,1213,317,615
1,19,51,1261,1420,1.92,318,1253,318,1150
1,6,14,439,1423,1.75,313,1218,313,855
1,5,11,463,1428,1.72,322,1301,322,1207
1,1,4,312,1431,1.58,309,1179,309,996
1,12,23,890,1432,1.76,323,1230,323,1230
1,8,18,925,1433,1.63,312,1194,312,1088
1,6,14,447,1434,1.76,311,1272,311,713
1,3,6,376,1435,1.71,328,1275,328,1275
1,5,9,555,1439,1.68,314,1189,314,573
1,2,6,325,1440,1.61,312,1176,312,850
1,1,8,336,1444,1.75,314,1258,314,251
1,0,3,330,1445,1.82,329,1221,329,72
1,8,23,788,1446,1.74,321,1250,321,975
1,5,19,617,1449,1.76,312,1305,312,1069
1,6,13,371,1453,1.55,275,1123,275,751
1,15,37,1131,1454,1.76,322,1292,322,1292
1,1,5,336,1456,1.46,294,1109,294,247
1,5,15,495,1457,1.51,294,1161,294,1161
1,24,52,2081,1458,1.81,311,1242,311,1242
1,1,6,355,1460,1.56,301,1199,301,284
1,2,5,310,1461,1.6,305,1195,305,714
1,2,8,447,1462,1.74,313,1247,313,808
1,8,21,667,1463,1.71,307,1288,307,1006
1,10,19,596,1464,1.66,326,1290,326,1210
1,10,22,779,1465,1.7,332,1263,332,1263
1,4,12,405,1467,1.67,318,1257,318,931
1,1,4,318,1468,1.54,314,1182,314,9
1,5,15,513,1470,1.69,317,1307,317,839
1,0,3,315,1471,1.51,314,1173,314,76
1,1,4,311,1472,1.51,307,1195,307,9
1,12,39,1107,1473,1.65,317,1234,317,1234
1,2,13,435,1475,1.54,317,1194,317,983
1,3,18,374,1477,1.58,323,1221,323,1221
1,1,6,317,1480,1.58,311,1232,311,1114
1,1,5,333,1481,1.57,313,1233,313,49
1,3,18,683,1482,1.72,325,1267,325,1267
1,1,11,360,1484,1.59,304,1264,304,1165
1,3,13,437,1485,1.66,313,1269,313,1145
1,13,40,965,1488,1.72,325,1276,325,1276
1,6,10,369,1489,1.8,329,1367,329,963
1,1,4,310,1490,1.6,306,1253,306,9
1,2,7,409,1493,1.94,322,1253,322,328
1,3,10,441,1495,1.69,325,1272,325,1272
1,2,10,507,1498,1.48,294,1122,294,645
1,0,2,325,1501,1.84,324,1246,324,0
1,0,2,315,1503,1.6,314,1233,314,0
1,9,16,714,1506,1.71,327,1267,327,1267
1,3,20,563,1509,1.67,313,1307,313,1307
1,0,2,307,1513,1.59,306,1233,306,0
1,3,8,393,1514,1.68,323,1253,323,700
1,0,3,314,1515,1.94,313,1285,313,294
1,13,28,702,1516,1.72,322,1301,322,1301
1,3,6,328,1518,1.54,317,1175,317,322
1,6,17,540,1519,2.17,322,1287,322,1287
1,5,12,412,1522,1.6,314,1222,314,966
1,1,9,368,1523,1.74,316,1312,316,1312
1,1,6,330,1527,1.5,301,1150,301,87
1,2,6,349,1529,1.56,309,1188,309,678
1,4,8,330,1531,1.72,314,1281,314,34
1,23,104,1943,1533,1.88,336,1305,336,1305
1,2,7,346,1534,1.7,320,1327,320,298
1,4,7,527,1535,1.56,320,1168,320,777
1,2,6,309,1537,1.47,303,1121,303,26
1,2,6,376,1538,1.6,319,1202,319,149
1,13,49,684,1540,1.72,318,1290,318,1290
1,6,22,505,1542,1.69,328,1302,328,1302
1,0,2,290,1543,1.48,289,1134,289,0
1,6,21,629,1544,1.66,322,1244,322,1244
1,19,34,1345,1551,1.8,311,1289,311,1130
1,5,14,418,1555,1.73,313,1283,313,866
1,9,27,840,1559,1.64,317,1217,317,998
1,11,40,1009,1560,1.72,314,1279,314,1279
1,10,19,869,1561,1.68,313,1261,313,1261
1,11,30,786,1562,1.76,314,1269,314,873
1,0,2,307,1563,1.58,306,1191,306,0
1,4,12,411,1564,1.61,305,1215,305,429
1,5,21,468,1568,1.92,325,1305,325,1088
1,5,10,356,1570,1.58,309,1187,309,372
1,2,10,376,1572,1.61,311,1216,311,266
1,9,42,749,1576,1.61,303,1226,303,1226
1,1,4,324,1577,1.74,321,1215,321,208
1,0,2,306,1578,1.57,305,1216,305,0
1,1,4,331,1581,1.66,328,1253,328,178
1,4,11,557,1585,1.68,318,1266,318,1133
1,1,4,410,1586,1.58,299,1242,299,1242
1,3,9,350,1587,1.7,304,1189,304,692
1,14,52,1106,1588,1.64,310,1244,310,1244
1,1,8,314,1589,1.68,303,1276,303,757
1,5,27,612,1590,1.64,326,1223,326,648
1,20,74,1412,1592,1.78,328,1285,328,1134
1,8,14,467,1595,1.56,305,1198,305,1198
1,8,17,409,1596,1.76,338,1358,338,563
1,5,10,407,1600,3.47,322,1258,322,731
1,6,10,438,1601,1.93,313,1293,313,1046
1,5,12,363,1602,2.21,313,1294,313,748
1,2,7,350,1604,2.34,311,1149,311,846
1,5,23,542,1606,2.65,326,1248,326,877
1,6,13,678,1608,2.59,307,1211,307,963
1,2,7,422,1609,2.57,320,1226,320,838
1,1,7,345,1610,2.51,316,1212,316,1212
1,2,5,383,1611,2.72,326,1291,326,192
1,9,22,675,1612,2.56,315,1200,315,1200
1,16,38,1267,1615,2.7,309,1244,309,1167
1,0,8,325,1616,2.6,324,1277,324,1277
1,7,22,704,1619,2.72,314,1234,314,619
1,6,15,664,1620,2.56,320,1246,320,1163
1,0,3,316,1624,3.21,315,1194,315,339
1,3,8,481,1625,2.64,327,1275,327,1275
1,9,24,706,1627,2.11,336,1210,336,753
1,12,53,781,1628,2.09,320,1282,320,823
1,2,10,537,1629,1.72,317,1263,317,826
1,4,11,493,1631,1.65,322,1211,322,1211
1,0,5,313,1632,1.58,312,1228,312,933
1,6,32,668,1637,1.55,311,1217,311,1109
1,3,16,457,1638,1.54,308,1202,308,1202
1,0,3,313,1639,1.54,312,1170,312,238
1,5,10,601,1640,1.64,321,1282,321,1182
1,6,16,517,1641,1.56,316,1196,316,413
1,10,25,977,1643,1.75,328,1248,328,1248
1,4,17,464,1644,1.52,304,1176,304,1022
1,4,10,434,1649,1.66,312,1258,312,368
1,13,41,1146,1651,1.71,319,1254,319,1254
1,1,5,322,1652,1.65,319,1288,319,1202
1,2,8,421,1655,1.76,326,1299,326,616
1,4,8,390,1656,1.61,312,1242,312,885
1,1,4,325,1658,1.63,310,1255,310,300
1,4,22,415,1660,1.68,318,1299,318,1108
1,8,20,640,1661,1.61,309,1229,309,1229
1,12,21,685,1662,1.67,308,1270,308,1156
1,1,5,323,1665,1.69,319,1260,319,17
1,6,21,569,1670,1.69,329,1299,329,842
1,0,2,309,1671,1.56,308,1202,308,0
1,2,13,377,1673,1.77,316,1286,316,533
1,11,24,632,1676,1.69,322,1284,322,807
1,4,13,518,1677,1.63,318,1252,318,1158
1,7,17,611,1679,1.59,319,1202,319,930
1,4,8,407,1684,1.72,324,1275,324,1275
1,5,10,403,1685,1.6,307,1262,307,1262
1,1,5,344,1687,1.85,313,1266,313,132
1,7,27,781,1688,1.63,305,1236,305,1236
1,3,18,395,1689,1.57,307,1225,307,1225
1,22,55,1654,1690,1.8,326,1285,326,1094
1,16,33,1210,1692,1.7,315,1218,315,944
1,2,12,446,1695,1.64,307,1250,307,1250
1,11,24,589,1696,1.69,315,1302,315,1302
1,5,13,462,1701,1.63,306,1226,306,993
1,3,10,506,1702,1.76,333,1309,333,418
1,3,10,404,1703,1.64,314,1271,314,1188
1,4,11,452,1704,1.58,310,1187,310,233
1,2,5,366,1706,1.61,323,1262,323,1158
1,1,5,343,1709,1.55,313,1198,313,1198
1,4,25,551,1712,1.6,324,1216,324,1035
1,1,7,414,1714,1.64,318,1252,318,932
1,0,2,290,1718,1.44,289,1138,289,0
1,5,18,791,1719,1.68,317,1276,317,1276
1,1,4,308,1721,1.58,305,1204,305,126
1,16,47,1197,1723,1.71,332,1240,332,1240
1,18,77,1251,1724,1.8,319,1310,319,1310
1,4,13,519,1726,1.62,307,1227,307,817
1,4,14,449,1727,1.75,321,1343,321,718
1,8,37,855,1728,1.75,326,1323,326,1238
1,0,4,316,1732,1.61,315,1258,315,323
1,7,10,350,1733,1.65,311,1283,311,430
1,1,4,330,1738,1.65,326,1252,326,9
1,5,11,557,1739,1.69,328,1279,328,719
1,0,5,324,1740,1.61,323,1301,323,1063
1,0,2,324,1741,1.63,323,1294,323,0
1,1,5,328,1742,1.63,310,1247,310,946
1,9,29,883,1743,1.68,312,1267,312,1267
1,11,25,628,1744,1.66,323,1248,323,1248
1,3,21,539,1745,1.76,317,1323,317,869
1,16,59,1402,1747,1.73,319,1279,319,1279
1,9,28,674,1748,1.72,324,1289,324,1131
1,5,12,754,1752,1.46,297,1095,297,894
1,4,9,368,1753,1.62,328,1189,328,651
1,6,16,744,1754,1.63,318,1257,318,1024
1,6,18,525,1758,1.6,305,1221,305,1221
1,3,14,444,1759,1.63,318,1260,318,871
1,1,5,342,1760,1.95,310,1267,310,92
1,1,4,342,1763,1.46,298,1125,298,462
1,5,12,509,1764,1.57,324,1205,324,1205
1,2,5,383,1766,1.91,328,1257,328,760
1,9,22,624,1767,1.67,311,1210,311,928
1,4,16,442,1769,1.59,309,1183,309,843
1,5,12,954,1776,1.66,293,1242,293,1142
1,3,8,391,1777,1.62,323,1256,323,970
1,8,26,912,1778,1.65,317,1253,317,1253
1,4,9,465,1780,1.62,322,1231,322,1138
1,6,15,777,1783,1.69,329,1291,329,1207
1,2,5,375,1784,1.59,306,1234,306,784
1,2,8,333,1786,1.76,314,1338,314,628
1,10,30,1239,1787,1.75,327,1263,327,1263
1,4,13,453,1789,1.62,305,1208,305,756
1,2,7,380,1792,1.57,310,1188,310,937
1,5,21,477,1794,1.72,304,1296,304,1296
1,2,10,385,1796,1.54,306,1195,306,1195
1,12,35,816,1797,1.76,328,1269,328,856
1,0,2,322,1798,1.63,321,1270,321,0
1,0,2,321,1799,1.65,320,1288,320,0
1,2,10,413,1800,1.61,334,1230,334,1230
1,5,10,462,1804,1.64,321,1256,321,1142
