n_present,n_absent,mean_present,mean_absent,median_present,median_absent,mannwhitney_u,mannwhitney_p,rank_biserial,pointbiserial_r,pointbiserial_p,cohens_d,code,theme,outcome,mw_p_fdr
83,84,562.8616323253011,649.8816495476191,522.004381,576.9855885,2785.0,0.024951422900125825,0.20109007458405048,-0.12449594159370295,0.10893443935136801,-0.24944148578459432,FOOT,Starting footholds / forced lines,solve time (raw),0.039209378843054865
38,129,462.0174575263157,649.2318655736433,433.3522035,561.328202,1724.0,0.0055503903422291275,0.29661362709098327,-0.2245863011865077,0.0035243753046320906,-0.54643106809517,CLUE,Clue magnitude,solve time (raw),0.020351431254840135
25,142,398.9352422,643.1985421830987,414.059398,569.005977,957.0,0.0002454236742275655,0.4608450704225352,-0.24936169235222871,0.0011550573343256639,-0.7173916426495132,PROP,Constraint propagation / chaining,solve time (raw),0.0013498302082516104
22,145,631.0580845,602.9261805931034,618.779245,530.670797,1735.0,0.5091846694390674,-0.08777429467084641,0.027223991902089326,0.7269137772581848,0.08004195184378769,AMBIG,Combinatorial ambiguity / overlap reasoning,solve time (raw),0.5091846694390674
26,141,745.6118208076924,581.0047283971631,623.686548,523.446024,2381.0,0.01566164815355629,-0.29896344789961815,0.17076627855019164,0.02735290149281222,0.47515194527045457,GUESS,Guessing / certainty,solve time (raw),0.03710227017128942
24,143,692.6051609583334,592.2031481258741,616.6108275,530.670797,2239.0,0.01714032468133442,-0.30477855477855487,0.10077977843017943,0.19501625710113565,0.28702300930237756,HINT,Hint usage,solve time (raw),0.03710227017128942
12,155,665.9076094166667,602.0431144,592.6199945000001,539.778342,1067.0,0.39761599085730437,-0.14731182795698916,0.04719253371059193,0.5447678634997999,0.18184492533735472,ERR,Mistakes / error recovery,solve time (raw),0.43737758994303483
42,125,744.6822972142858,560.247340496,642.4299755,530.670797,3190.0,0.037325153202489435,-0.21523809523809523,0.22897086770801087,0.0029167688148926904,0.5388831424197478,LEARN,Learning / practice / fatigue,solve time (raw),0.05132208565342297
7,160,696.5952435714286,602.696295875,659.224063,539.936335,697.0,0.2822461234889963,-0.24464285714285716,0.05384273059319191,0.4895172619021489,0.267453758740925,LOAD,Cognitive load / tracking,solve time (raw),0.3449674842643288
14,153,331.3196158571428,631.8241792352942,303.1985045,559.018055,395.0,9.588274042472194e-05,0.6311858076563959,-0.2382967640074743,0.001927753341697857,-0.8800418998472898,VIS,Visual / spatial layout,solve time (raw),0.0010547101446719415
7,160,352.1508891428571,617.76573638125,304.436111,547.231158,274.0,0.02023760191161241,0.5107142857142857,-0.1523065914183037,0.049422254416658096,-0.7643749905303663,AFF,Confidence / affect,solve time (raw),0.03710227017128942
83,84,-10.70205807630522,10.574652623015885,0.0,-6.991177333333283,3488.0,0.9961690841578525,-0.0005737234652898326,-0.06738793766645758,0.38688109415904115,-0.13427403024037787,FOOT,Starting footholds / forced lines,solve time (within-participant),0.9961690841578524
38,129,-4.346148627192979,1.28026083591732,-10.974114833333346,-0.8669403333332752,2399.0,0.8441445700688952,0.021215830273357827,-0.014942283639148702,0.8480107175333416,-0.035430641737765514,CLUE,Clue magnitude,solve time (within-participant),0.9780154134058332
25,142,-81.84038968666665,14.408519311032872,-56.66863533333333,0.0,1346.0,0.054586316855649,0.24169014084507046,-0.21752490100021044,0.004745479969960791,-0.620898801936785,PROP,Constraint propagation / chaining,solve time (within-participant),0.30022474270606947
22,145,60.458334106060605,-9.172988622988498,49.28862500000005,-10.852189666666618,2069.0,0.02504799683324444,-0.29717868338557984,0.14917600572306802,0.054344618165615796,0.4433949080215526,AMBIG,Combinatorial ambiguity / overlap reasoning,solve time (within-participant),0.27552796516568884
26,141,47.8429364102564,-8.822101749408972,-6.869528000000059,-0.8669403333332752,1988.0,0.4952394199686706,-0.0845608292416804,0.13013988050897426,0.09368284001876731,0.3598517098542627,GUESS,Guessing / certainty,solve time (within-participant),0.8010190847828161
24,143,15.14700893055557,-2.542155344988337,-0.7819085000000427,-9.772990666666658,1861.0,0.5097394175890648,-0.08449883449883444,0.03930790904850714,0.6140155916938731,0.11146596669257464,HINT,Hint usage,solve time (within-participant),0.8010190847828161
12,155,9.787963611111133,-0.7577778279569796,-28.245911833333253,-0.8669403333332752,907.0,0.8891049212780302,0.02473118279569897,0.01725172707583174,0.8248717619232165,0.06641114254399293,ERR,Mistakes / error recovery,solve time (within-participant),0.9780154134058332
42,125,-18.761608726190467,6.303900532000008,-14.753030833333327,-1.5638170000000855,2284.0,0.20911652169499018,0.12990476190476186,-0.0688898393681493,0.37636279682892343,-0.1582008165451035,LEARN,Learning / practice / fatigue,solve time (within-participant),0.7667605795482973
7,160,66.3173015714286,-2.9013819437499895,51.22236166666676,-2.5743719999999826,695.0,0.28275547006753454,-0.2410714285714286,0.08786811994446403,0.2588290120160141,0.4375277347649211,LOAD,Cognitive load / tracking,solve time (within-participant),0.77757754268572
14,153,-27.82846759523807,2.5463957276688536,-25.199336666666653,-0.8669403333332752,928.0,0.41055439101814384,0.13352007469654525,-0.05332404097038737,0.4937163944753464,-0.19152781556298928,VIS,Visual / spatial layout,solve time (within-participant),0.8010190847828161
7,160,6.482103857142879,-0.2835920437499951,20.184031000000004,-2.5743719999999826,597.0,0.7706705130222132,-0.06607142857142856,0.0085885623467118,0.9122847953002579,0.04260177429262049,AFF,Confidence / affect,solve time (within-participant),0.9780154134058332
83,84,1.9879518072289157,4.404761904761905,0.0,3.0,2236.0,3.3290413794156785e-05,0.35857716580608145,-0.27591749194480253,0.00030717025904276413,-0.5706836475462345,FOOT,Starting footholds / forced lines,hints used (raw),0.0003661945517357246
38,129,2.789473684210526,3.3255813953488373,1.0,1.0,2293.5,0.5340527410007565,0.06425948592411257,-0.05132119085071846,0.5101084578674322,-0.12183805862920098,CLUE,Clue magnitude,hints used (raw),0.5340527410007565
25,142,1.44,3.5140845070422535,0.0,2.0,1182.5,0.005864029451439249,0.33380281690140845,-0.16896573492946507,0.0290477738155901,-0.47761099577895955,PROP,Constraint propagation / chaining,hints used (raw),0.03225216198291587
22,145,1.8181818181818181,3.413793103448276,0.0,2.0,1272.5,0.1138877722132119,0.20219435736677116,-0.12321978835802543,0.11263902472945644,-0.36492833185236795,AMBIG,Combinatorial ambiguity / overlap reasoning,hints used (raw),0.13919616603837012
26,141,4.961538461538462,2.879432624113475,4.5,1.0,2402.0,0.009221869886891823,-0.3104200763775231,0.17236816164373434,0.025916814378187464,0.4797449641467552,GUESS,Guessing / certainty,hints used (raw),0.03381352291860335
24,143,3.5833333333333335,3.13986013986014,3.0,1.0,2115.5,0.05893441705881719,-0.23280885780885785,0.035522132554428675,0.6485747063244596,0.10071630232507313,HINT,Hint usage,hints used (raw),0.09261122680671273
12,155,2.75,3.238709677419355,2.5,1.0,1042.5,0.47143445145850715,-0.12096774193548376,-0.028818105625327717,0.7116122623247868,-0.11096590934156383,ERR,Mistakes / error recovery,hints used (raw),0.5185778966043578
42,125,4.976190476190476,2.608,2.5,1.0,3169.5,0.037343271988483445,-0.20742857142857152,0.23461420294411345,0.00227455610198166,0.5529285586965441,LEARN,Learning / practice / fatigue,hints used (raw),0.08215519837466359
7,160,1.4285714285714286,3.28125,0.0,2.0,331.5,0.05886063932064707,0.4080357142857143,-0.08477486510985852,0.2760364339179457,-0.42201173486735544,LOAD,Cognitive load / tracking,hints used (raw),0.09261122680671273
14,153,1.2142857142857142,3.3856209150326797,0.0,2.0,653.5,0.012470675578697063,0.3898225957049486,-0.13740249661743484,0.07661008775981615,-0.49753531389783,VIS,Visual / spatial layout,hints used (raw),0.03429435784141692
7,160,0.8571428571428571,3.30625,0.0,2.0,347.5,0.07897661937270796,0.3794642857142857,-0.11206624337173099,0.1493352044050028,-0.559384460778082,AFF,Confidence / affect,hints used (raw),0.10859285163747344
83,84,-0.17269076305220885,0.1706349206349207,0.0,0.0,3237.5,0.4124443658435917,0.071285140562249,-0.09884509938333969,0.2037710946435472,-0.19747344316552115,FOOT,Starting footholds / forced lines,hints used (within-participant),0.7587414909156611
38,129,-0.25000000000000006,0.0736434108527132,0.0,0.0,2312.5,0.5865084328062682,0.05650754793961643,-0.07813103592800712,0.3155584215733733,-0.18580900840901518,CLUE,Clue magnitude,hints used (within-participant),0.7587414909156611
25,142,-0.34666666666666673,0.06103286384976528,0.0,0.0,1505.5,0.21281828268310699,0.15183098591549293,-0.08375766228637936,0.28186018128685636,-0.23417434289397884,PROP,Constraint propagation / chaining,hints used (within-participant),0.5852502773785442
22,145,0.49242424242424243,-0.07471264367816091,0.0,0.0,1914.0,0.11967973875083461,-0.19999999999999996,0.11044686561708335,0.15534038382105694,0.3266054468187437,AMBIG,Combinatorial ambiguity / overlap reasoning,hints used (within-participant),0.5852502773785442
26,141,0.5705128205128204,-0.10520094562647751,0.0,0.0,2137.5,0.16590001978823166,-0.16612111292962362,0.14106821034175743,0.06900073715998732,0.390659142677521,GUESS,Guessing / certainty,hints used (within-participant),0.5852502773785442
24,143,0.17361111111111108,-0.029137529137529147,0.0,0.0,1875.5,0.453887925280552,-0.09294871794871784,0.040954511440761,0.5992395968500923,0.11614294613016682,HINT,Hint usage,hints used (within-participant),0.7587414909156611
12,155,-0.0833333333333332,0.006451612903225824,0.0,0.0,986.0,0.7225057224484588,-0.06021505376344094,-0.013351503030118127,0.8640262951416858,-0.05139402209796418,ERR,Mistakes / error recovery,hints used (within-participant),0.7947562946933047
42,125,-0.40873015873015867,0.1373333333333333,0.0,0.0,2119.5,0.054446011950324925,0.19257142857142862,-0.13642468302024366,0.07875050062172216,-0.3154954279855199,LEARN,Learning / practice / fatigue,hints used (within-participant),0.5852502773785442
7,160,0.1904761904761904,-0.008333333333333318,0.0,0.0,620.5,0.620788492567359,-0.10803571428571423,0.022941211883256405,0.7685456384998843,0.11382086109798276,LOAD,Cognitive load / tracking,hints used (within-participant),0.7587414909156611
14,153,-0.02380952380952378,0.002178649237472768,0.0,0.0,1090.5,0.9098045596791561,-0.0182072829131652,-0.004147206330624667,0.9575794034071461,-0.014874756054581127,VIS,Visual / spatial layout,hints used (within-participant),0.9098045596791561
7,160,0.28571428571428564,-0.012499999999999966,0.0,0.0,645.0,0.48595976424185927,-0.1517857142857142,0.034411817824884616,0.6588587431940023,0.17078750881257004,AFF,Confidence / affect,hints used (within-participant),0.7587414909156611
83,84,0.14457831325301204,0.4880952380952381,0.0,0.0,2812.5,0.002136540068528615,0.19320137693631667,-0.20956153484037868,0.006567002939018875,-0.42607403812845995,FOOT,Starting footholds / forced lines,incorrect submissions (raw),0.011750970376907383
38,129,0.18421052631578946,0.35658914728682173,0.0,0.0,2288.5,0.37806043338397266,0.06629946960424316,-0.08817689413296897,0.25715268766923977,-0.2098762545424987,CLUE,Clue magnitude,incorrect submissions (raw),0.5198330959029624
25,142,0.32,0.31690140845070425,0.0,0.0,1775.5,1.0,-0.00028169014084511446,0.0013488487403024705,0.9861972443110177,0.0037579385733283142,PROP,Constraint propagation / chaining,incorrect submissions (raw),1.0
22,145,0.6363636363636364,0.2689655172413793,0.0,0.0,1742.0,0.3230776740848956,-0.09216300940438882,0.15160621741583583,0.05049002341208116,0.4507867468864907,AMBIG,Combinatorial ambiguity / overlap reasoning,incorrect submissions (raw),0.5076934878476932
26,141,0.6538461538461539,0.2553191489361702,0.0,0.0,2146.0,0.04927130266371955,-0.17075831969448996,0.17629448546537865,0.022667356872491988,0.49101944126229397,GUESS,Guessing / certainty,incorrect submissions (raw),0.180661443100305
24,143,0.375,0.3076923076923077,0.0,0.0,1885.0,0.2731917955858675,-0.0984848484848484,0.028808661611229112,0.7117025821557654,0.08166386759621173,HINT,Hint usage,incorrect submissions (raw),0.500851625240757
12,155,0.75,0.2838709677419355,1.0,0.0,1303.0,0.0010003680531562459,-0.40107526881720434,0.1468748267795597,0.0582157201339165,0.5715137906134214,ERR,Mistakes / error recovery,incorrect submissions (raw),0.011004048584718705
42,125,0.3333333333333333,0.312,0.0,0.0,2602.5,0.907913186604922,0.008571428571428563,0.0112933584552019,0.8848286661380121,0.025874464222782126,LEARN,Learning / practice / fatigue,incorrect submissions (raw),0.9987045052654142
7,160,0.0,0.33125,0.0,0.0,441.0,0.1773575761430748,0.21250000000000002,-0.08099340183768383,0.29810092011511347,-0.4030602782571093,LOAD,Cognitive load / tracking,incorrect submissions (raw),0.41627380027620237
14,153,0.07142857142857142,0.33986928104575165,0.0,0.0,911.0,0.18921536376191017,0.14939309056956118,-0.09077010827529203,0.24336875466879498,-0.32691124638670943,VIS,Visual / spatial layout,incorrect submissions (raw),0.41627380027620237
7,160,0.14285714285714285,0.325,0.0,0.0,519.0,0.6447780117170941,0.07321428571428568,-0.04453545545791779,0.5676703461329025,-0.22112009561373397,AFF,Confidence / affect,incorrect submissions (raw),0.7880620143208928
83,84,-0.012048192771084331,0.011904761904761927,0.0,0.0,3610.5,0.6364881388474197,-0.03571428571428581,-0.020868834822135335,0.7889392169295235,-0.04149677156753016,FOOT,Starting footholds / forced lines,incorrect submissions (within-participant),0.8417165124125972
38,129,0.02192982456140351,-0.006459948320413428,0.0,0.0,2588.5,0.5334635709500563,-0.05609955120359045,0.02074001142639327,0.7902118276875897,0.04918310819405107,CLUE,Clue magnitude,incorrect submissions (within-participant),0.8417165124125972
25,142,1.7763568394002505e-17,1.1727708006603766e-17,0.0,0.0,1628.0,0.4339173214922428,0.08281690140845066,3.713935936381001e-18,1.0,1.0454416858366982e-17,PROP,Constraint propagation / chaining,incorrect submissions (within-participant),0.8417165124125972
22,145,0.060606060606060635,-0.009195402298850564,0.0,0.0,1681.0,0.6299731331564509,-0.05391849529780557,0.04113583202613868,0.5976222968090075,0.12100210079657771,AMBIG,Combinatorial ambiguity / overlap reasoning,incorrect submissions (within-participant),0.8417165124125972
26,141,0.16666666666666669,-0.030732860520094555,0.0,0.0,2006.5,0.36318421956035474,-0.09465357337697755,0.12471042466760801,0.10832129125891342,0.3445962104503542,GUESS,Guessing / certainty,incorrect submissions (within-participant),0.8417165124125972
24,143,0.041666666666666685,-0.006993006993006981,0.0,0.0,1664.0,0.7796556414736461,0.030303030303030276,0.029744265653513687,0.7027743923643972,0.08431833442663728,HINT,Hint usage,incorrect submissions (within-participant),0.8417165124125972
12,155,0.25000000000000006,-0.01935483870967741,0.16666666666666669,0.0,1191.5,0.054108846550031495,-0.2811827956989248,0.1212108993095792,0.11866918229406904,0.47000169333018466,ERR,Mistakes / error recovery,incorrect submissions (within-participant),0.5951973120503464
42,125,-0.15079365079365079,0.050666666666666686,0.0,0.0,2302.5,0.1572749368755824,0.12285714285714289,-0.15231040935688148,0.04941648555200728,-0.3530587454735439,LEARN,Learning / practice / fatigue,incorrect submissions (within-participant),0.8417165124125972
7,160,-0.09523809523809523,0.004166666666666683,0.0,0.0,522.5,0.7249511669100441,0.0669642857142857,-0.034711758885228004,0.6560741964401923,-0.1722779187829521,LOAD,Cognitive load / tracking,incorrect submissions (within-participant),0.8417165124125972
14,153,-0.047619047619047616,0.004357298474945547,0.0,0.0,1026.0,0.7596083893268379,0.04201680672268904,-0.02510012582221106,0.7474681760577008,-0.09005404445470327,VIS,Visual / spatial layout,incorrect submissions (within-participant),0.8417165124125972
7,160,1.586032892321652e-17,4.8572257327350596e-18,0.0,0.0,538.5,0.841716512412597,0.03839285714285712,1.0530218062841168e-17,1.0,1.9057933766837106e-17,AFF,Confidence / affect,incorrect submissions (within-participant),0.8417165124125972
83,84,129.02409638554218,162.10714285714286,117.0,136.0,2487.0,0.0013922190488178524,0.28657487091222034,-0.25191107929817624,0.0010231440722403755,-0.5174941375149572,FOOT,Starting footholds / forced lines,actions (raw),0.015314409536996377
38,129,124.5,151.89922480620154,117.5,127.0,1874.0,0.027748493965564423,0.23541411668706647,-0.1749395534343017,0.02374666994850974,-0.42126067753684804,CLUE,Clue magnitude,actions (raw),0.061046686724241725
25,142,116.48,150.80281690140845,118.0,127.0,1200.0,0.009960367402312965,0.323943661971831,-0.18649199055000235,0.01581681174998447,-0.5288504687507043,PROP,Constraint propagation / chaining,actions (raw),0.04857027940260906
22,145,159.5909090909091,143.55172413793105,148.5,124.0,1925.0,0.11892281710654454,-0.2068965517241379,0.0826115406142767,0.2885202988246856,0.24363104335854455,AMBIG,Combinatorial ambiguity / overlap reasoning,actions (raw),0.14535010979688778
26,141,160.03846153846155,143.01418439716312,136.5,124.0,2084.0,0.26880477594204377,-0.13693398799781775,0.09400003068339173,0.22693127845257696,0.25885658307396836,GUESS,Guessing / certainty,actions (raw),0.26880477594204377
24,143,161.20833333333334,143.05594405594405,145.5,124.0,2072.5,0.10432556292686584,-0.20775058275058278,0.0969773964436421,0.212488405673449,0.27608889491290023,HINT,Hint usage,actions (raw),0.14344764902444054
12,155,168.58333333333334,143.89032258064515,151.5,124.0,1199.0,0.09610697118884176,-0.28924731182795704,0.09711662962268425,0.21182948578591526,0.3755736471817064,ERR,Mistakes / error recovery,actions (raw),0.14344764902444054
42,125,169.66666666666666,137.6,141.0,123.0,3297.0,0.013246439837075198,-0.256,0.21188321469655208,0.0059804671712267565,0.4966968842210904,LEARN,Learning / practice / fatigue,actions (raw),0.04857027940260906
7,160,138.85714285714286,145.9625,104.0,125.0,419.5,0.26351218222419237,0.25089285714285714,-0.02168492916759988,0.7808903376134215,-0.10758490451203168,LOAD,Cognitive load / tracking,actions (raw),0.26880477594204377
14,153,111.35714285714286,148.80392156862746,108.0,125.0,679.5,0.023940564497777983,0.365546218487395,-0.15804737313711886,0.04135819785663312,-0.574077816715681,VIS,Visual / spatial layout,actions (raw),0.061046686724241725
7,160,110.14285714285714,147.21875,110.0,125.0,354.0,0.10074497498662921,0.3678571428571429,-0.11315238548436606,0.14540689805382848,-0.5648759682930308,AFF,Confidence / affect,actions (raw),0.14344764902444054
83,84,-3.4317269076305212,3.390873015873017,-2.3333333333333286,0.0,3140.0,0.2687465456971242,0.0992541594951234,-0.10611546742276468,0.17229356882555816,-0.21215792832539354,FOOT,Starting footholds / forced lines,actions (within-participant),0.5428858551682968
38,129,-1.7763157894736827,0.5232558139534893,-3.5,0.0,2280.0,0.5151196964208546,0.06976744186046513,-0.02999049870946744,0.7004313418938158,-0.07113652374206861,CLUE,Clue magnitude,actions (within-participant),0.7130052205021431
25,142,-16.879999999999995,2.9718309859154934,-11.333333333333329,0.0,1022.0,0.0007363630885906217,0.4242253521126761,-0.22032553975190644,0.004221840369099321,-0.6292980260164746,PROP,Constraint propagation / chaining,actions (within-participant),0.008099993974496839
22,145,11.25,-1.7068965517241372,4.0,-2.3333333333333286,1928.0,0.11560547138821975,-0.20877742946708455,0.13631587324962297,0.07899163485089665,0.4044122390319995,AMBIG,Combinatorial ambiguity / overlap reasoning,actions (within-participant),0.3179150463176043
26,141,9.256410256410259,-1.7068557919621745,6.416666666666664,-2.3333333333333286,2297.5,0.04053256130997126,-0.2534097108565194,0.12364776789500172,0.11138581758432532,0.3416141198012306,GUESS,Guessing / certainty,actions (within-participant),0.22292908720484192
24,143,5.486111111111113,-0.9207459207459199,1.6666666666666714,-2.0,1945.5,0.29611955736452555,-0.13374125874125875,0.06991474365128103,0.369286461531734,0.19859091260759745,HINT,Hint usage,actions (within-participant),0.5428858551682968
12,155,6.847222222222226,-0.5301075268817196,5.666666666666671,-1.0,1019.0,0.5833679076835716,-0.0956989247311828,0.059266020250406656,0.44677514383028194,0.22851439574266083,ERR,Mistakes / error recovery,actions (within-participant),0.7130052205021431
42,125,-1.718253968253968,0.5773333333333343,0.0,-2.0,2643.0,0.9485287753754273,-0.006857142857142895,-0.030983006816031618,0.6910158566987051,-0.07101542139518177,LEARN,Learning / practice / fatigue,actions (within-participant),0.9485287753754273
7,160,10.80952380952381,-0.47291666666666554,-0.6666666666666714,-1.3333333333333357,633.5,0.5598816512531541,-0.1312500000000001,0.07033348861831781,0.36641902982191926,0.34972783980240485,LOAD,Cognitive load / tracking,actions (within-participant),0.7130052205021431
14,153,-8.45238095238095,0.7734204793028333,-10.666666666666664,-0.3333333333333286,777.5,0.09062731106742283,0.2740429505135388,-0.0795360343540969,0.3069078802923108,-0.2861754934851367,VIS,Visual / spatial layout,actions (within-participant),0.3179150463176043
7,160,-1.1428571428571448,0.050000000000000974,-2.6666666666666714,-0.8333333333333357,535.0,0.8448683173547379,0.044642857142857095,-0.007436139765813357,0.9240164573804058,-0.036885081554486165,AFF,Confidence / affect,actions (within-participant),0.9293551490902117
